month,market,product,budget_revenue,budget_cost,budget_expense,budget_profit
2025-01,China,Robot Vacuum,33420138.89,15039062.5,6015625.0,12365451.39
2025-01,China,Wet-Dry Vacuum,10937500.0,5250000.0,1968750.0,3718750.0
2025-01,China,Stick Vacuum,6076388.89,3038194.44,1093750.0,1944444.44
2025-01,China,Washer-Dryer,4861111.11,2527777.78,875000.0,1458333.33
2025-01,China,Other Smart Home,5468750.0,2625000.0,984375.0,1859375.0
2025-01,United States,Robot Vacuum,12031250.0,5414062.5,2165625.0,4451562.5
2025-01,United States,Wet-Dry Vacuum,3937500.0,1890000.0,708750.0,1338750.0
2025-01,United States,Stick Vacuum,2187500.0,1093750.0,393750.0,700000.0
2025-01,United States,Washer-Dryer,1750000.0,910000.0,315000.0,525000.0
2025-01,United States,Other Smart Home,1968750.0,945000.0,354375.0,669375.0
2025-01,Germany,Robot Vacuum,5347222.22,2406250.0,962500.0,1978472.22
2025-01,Germany,Wet-Dry Vacuum,1750000.0,840000.0,315000.0,595000.0
2025-01,Germany,Stick Vacuum,972222.22,486111.11,175000.0,311111.11
2025-01,Germany,Washer-Dryer,777777.78,404444.44,140000.0,233333.33
2025-01,Germany,Other Smart Home,875000.0,420000.0,157500.0,297500.0
2025-01,United Kingdom,Robot Vacuum,3342013.89,1503906.25,601562.5,1236545.14
2025-01,United Kingdom,Wet-Dry Vacuum,1093750.0,525000.0,196875.0,371875.0
2025-01,United Kingdom,Stick Vacuum,607638.89,303819.44,109375.0,194444.44
2025-01,United Kingdom,Washer-Dryer,486111.11,252777.78,87500.0,145833.33
2025-01,United Kingdom,Other Smart Home,546875.0,262500.0,98437.5,185937.5
2025-01,Japan,Robot Vacuum,4678819.44,2105468.75,842187.5,1731163.19
2025-01,Japan,Wet-Dry Vacuum,1531250.0,735000.0,275625.0,520625.0
2025-01,Japan,Stick Vacuum,850694.44,425347.22,153125.0,272222.22
2025-01,Japan,Washer-Dryer,680555.56,353888.89,122500.0,204166.67
2025-01,Japan,Other Smart Home,765625.0,367500.0,137812.5,260312.5
2025-01,Rest of Europe,Robot Vacuum,4678819.44,2105468.75,842187.5,1731163.19
2025-01,Rest of Europe,Wet-Dry Vacuum,1531250.0,735000.0,275625.0,520625.0
2025-01,Rest of Europe,Stick Vacuum,850694.44,425347.22,153125.0,272222.22
2025-01,Rest of Europe,Washer-Dryer,680555.56,353888.89,122500.0,204166.67
2025-01,Rest of Europe,Other Smart Home,765625.0,367500.0,137812.5,260312.5
2025-01,Rest of Asia,Robot Vacuum,3342013.89,1503906.25,601562.5,1236545.14
2025-01,Rest of Asia,Wet-Dry Vacuum,1093750.0,525000.0,196875.0,371875.0
2025-01,Rest of Asia,Stick Vacuum,607638.89,303819.44,109375.0,194444.44
2025-01,Rest of Asia,Washer-Dryer,486111.11,252777.78,87500.0,145833.33
2025-01,Rest of Asia,Other Smart Home,546875.0,262500.0,98437.5,185937.5
2025-02,China,Robot Vacuum,33811653.04,15215243.87,6086097.55,12510311.62
2025-02,China,Wet-Dry Vacuum,11065631.9,5311503.31,1991813.74,3762314.85
2025-02,China,Stick Vacuum,6147573.28,3073786.64,1106563.19,1967223.45
2025-02,China,Washer-Dryer,4918058.62,2557390.48,885250.55,1475417.59
2025-02,China,Other Smart Home,5532815.95,2655751.66,995906.87,1881157.42
2025-02,United States,Robot Vacuum,12172195.09,5477487.79,2190995.12,4503712.18
2025-02,United States,Wet-Dry Vacuum,3983627.49,1912141.19,717052.95,1354433.35
2025-02,United States,Stick Vacuum,2213126.38,1106563.19,398362.75,708200.44
2025-02,United States,Washer-Dryer,1770501.1,920660.57,318690.2,531150.33
2025-02,United States,Other Smart Home,1991813.74,956070.6,358526.47,677216.67
2025-02,Germany,Robot Vacuum,5409864.49,2434439.02,973775.61,2001649.86
2025-02,Germany,Wet-Dry Vacuum,1770501.1,849840.53,318690.2,601970.38
2025-02,Germany,Stick Vacuum,983611.72,491805.86,177050.11,314755.75
2025-02,Germany,Washer-Dryer,786889.38,409182.48,141640.09,236066.81
2025-02,Germany,Other Smart Home,885250.55,424920.27,159345.1,300985.19
2025-02,United Kingdom,Robot Vacuum,3381165.3,1521524.39,608609.75,1251031.16
2025-02,United Kingdom,Wet-Dry Vacuum,1106563.19,531150.33,199181.37,376231.48
2025-02,United Kingdom,Stick Vacuum,614757.33,307378.66,110656.32,196722.34
2025-02,United Kingdom,Washer-Dryer,491805.86,255739.05,88525.06,147541.76
2025-02,United Kingdom,Other Smart Home,553281.6,265575.17,99590.69,188115.74
2025-02,Japan,Robot Vacuum,4733631.43,2130134.14,852053.66,1751443.63
2025-02,Japan,Wet-Dry Vacuum,1549188.47,743610.46,278853.92,526724.08
2025-02,Japan,Stick Vacuum,860660.26,430330.13,154918.85,275411.28
2025-02,Japan,Washer-Dryer,688528.21,358034.67,123935.08,206558.46
2025-02,Japan,Other Smart Home,774594.23,371805.23,139426.96,263362.04
2025-02,Rest of Europe,Robot Vacuum,4733631.43,2130134.14,852053.66,1751443.63
2025-02,Rest of Europe,Wet-Dry Vacuum,1549188.47,743610.46,278853.92,526724.08
2025-02,Rest of Europe,Stick Vacuum,860660.26,430330.13,154918.85,275411.28
2025-02,Rest of Europe,Washer-Dryer,688528.21,358034.67,123935.08,206558.46
2025-02,Rest of Europe,Other Smart Home,774594.23,371805.23,139426.96,263362.04
2025-02,Rest of Asia,Robot Vacuum,3381165.3,1521524.39,608609.75,1251031.16
2025-02,Rest of Asia,Wet-Dry Vacuum,1106563.19,531150.33,199181.37,376231.48
2025-02,Rest of Asia,Stick Vacuum,614757.33,307378.66,110656.32,196722.34
2025-02,Rest of Asia,Washer-Dryer,491805.86,255739.05,88525.06,147541.76
2025-02,Rest of Asia,Other Smart Home,553281.6,265575.17,99590.69,188115.74
2025-03,China,Robot Vacuum,34207753.75,15393489.19,6157395.67,12656868.89
2025-03,China,Wet-Dry Vacuum,11195264.86,5373727.13,2015147.68,3806390.05
2025-03,China,Stick Vacuum,6219591.59,3109795.8,1119526.49,1990269.31
2025-03,China,Washer-Dryer,4975673.27,2587350.1,895621.19,1492701.98
2025-03,China,Other Smart Home,5597632.43,2686863.57,1007573.84,1903195.03
2025-03,United States,Robot Vacuum,12314791.35,5541656.11,2216662.44,4556472.8
2025-03,United States,Wet-Dry Vacuum,4030295.35,1934541.77,725453.16,1370300.42
2025-03,United States,Stick Vacuum,2239052.97,1119526.49,403029.54,716496.95
2025-03,United States,Washer-Dryer,1791242.38,931446.04,322423.63,537372.71
2025-03,United States,Other Smart Home,2015147.68,967270.88,362726.58,685150.21
2025-03,Germany,Robot Vacuum,5473240.6,2462958.27,985183.31,2025099.02
2025-03,Germany,Wet-Dry Vacuum,1791242.38,859796.34,322423.63,609022.41
2025-03,Germany,Stick Vacuum,995134.65,497567.33,179124.24,318443.09
2025-03,Germany,Washer-Dryer,796107.72,413976.02,143299.39,238832.32
2025-03,Germany,Other Smart Home,895621.19,429898.17,161211.81,304511.2
2025-03,United Kingdom,Robot Vacuum,3420775.37,1539348.92,615739.57,1265686.89
2025-03,United Kingdom,Wet-Dry Vacuum,1119526.49,537372.71,201514.77,380639.01
2025-03,United Kingdom,Stick Vacuum,621959.16,310979.58,111952.65,199026.93
2025-03,United Kingdom,Washer-Dryer,497567.33,258735.01,89562.12,149270.2
2025-03,United Kingdom,Other Smart Home,559763.24,268686.36,100757.38,190319.5
2025-03,Japan,Robot Vacuum,4789085.52,2155088.49,862035.39,1771961.64
2025-03,Japan,Wet-Dry Vacuum,1567337.08,752321.8,282120.67,532894.61
2025-03,Japan,Stick Vacuum,870742.82,435371.41,156733.71,278637.7
2025-03,Japan,Washer-Dryer,696594.26,362229.01,125386.97,208978.28
2025-03,Japan,Other Smart Home,783668.54,376160.9,141060.34,266447.3
2025-03,Rest of Europe,Robot Vacuum,4789085.52,2155088.49,862035.39,1771961.64
2025-03,Rest of Europe,Wet-Dry Vacuum,1567337.08,752321.8,282120.67,532894.61
2025-03,Rest of Europe,Stick Vacuum,870742.82,435371.41,156733.71,278637.7
2025-03,Rest of Europe,Washer-Dryer,696594.26,362229.01,125386.97,208978.28
2025-03,Rest of Europe,Other Smart Home,783668.54,376160.9,141060.34,266447.3
2025-03,Rest of Asia,Robot Vacuum,3420775.37,1539348.92,615739.57,1265686.89
2025-03,Rest of Asia,Wet-Dry Vacuum,1119526.49,537372.71,201514.77,380639.01
2025-03,Rest of Asia,Stick Vacuum,621959.16,310979.58,111952.65,199026.93
2025-03,Rest of Asia,Washer-Dryer,497567.33,258735.01,89562.12,149270.2
2025-03,Rest of Asia,Other Smart Home,559763.24,268686.36,100757.38,190319.5
2025-04,China,Robot Vacuum,34608494.74,15573822.63,6229529.05,12805143.05
2025-04,China,Wet-Dry Vacuum,11326416.46,5436679.9,2038754.96,3850981.6
2025-04,China,Stick Vacuum,6292453.59,3146226.79,1132641.65,2013585.15
2025-04,China,Washer-Dryer,5033962.87,2617660.69,906113.32,1510188.86
2025-04,China,Other Smart Home,5663208.23,2718339.95,1019377.48,1925490.8
2025-04,United States,Robot Vacuum,12459058.11,5606576.15,2242630.46,4609851.5
2025-04,United States,Wet-Dry Vacuum,4077509.93,1957204.76,733951.79,1386353.37
2025-04,United States,Stick Vacuum,2265283.29,1132641.65,407750.99,724890.65
2025-04,United States,Washer-Dryer,1812226.63,942357.85,326200.79,543667.99
2025-04,United States,Other Smart Home,2038754.96,978602.38,366975.89,693176.69
2025-04,Germany,Robot Vacuum,5537359.16,2491811.62,996724.65,2048822.89
2025-04,Germany,Wet-Dry Vacuum,1812226.63,869868.78,326200.79,616157.06
2025-04,Germany,Stick Vacuum,1006792.57,503396.29,181222.66,322173.62
2025-04,Germany,Washer-Dryer,805434.06,418825.71,144978.13,241630.22
2025-04,Germany,Other Smart Home,906113.32,434934.39,163100.4,308078.53
2025-04,United Kingdom,Robot Vacuum,3460849.47,1557382.26,622952.91,1280514.31
2025-04,United Kingdom,Wet-Dry Vacuum,1132641.65,543667.99,203875.5,385098.16
2025-04,United Kingdom,Stick Vacuum,629245.36,314622.68,113264.16,201358.51
2025-04,United Kingdom,Washer-Dryer,503396.29,261766.07,90611.33,151018.89
2025-04,United Kingdom,Other Smart Home,566320.82,271834.0,101937.75,192549.08
2025-04,Japan,Robot Vacuum,4845189.26,2180335.17,872134.07,1792720.03
2025-04,Japan,Wet-Dry Vacuum,1585698.3,761135.19,285425.69,539137.42
2025-04,Japan,Stick Vacuum,880943.5,440471.75,158569.83,281901.92
2025-04,Japan,Washer-Dryer,704754.8,366472.5,126855.86,211426.44
2025-04,Japan,Other Smart Home,792849.15,380567.59,142712.85,269568.71
2025-04,Rest of Europe,Robot Vacuum,4845189.26,2180335.17,872134.07,1792720.03
2025-04,Rest of Europe,Wet-Dry Vacuum,1585698.3,761135.19,285425.69,539137.42
2025-04,Rest of Europe,Stick Vacuum,880943.5,440471.75,158569.83,281901.92
2025-04,Rest of Europe,Washer-Dryer,704754.8,366472.5,126855.86,211426.44
2025-04,Rest of Europe,Other Smart Home,792849.15,380567.59,142712.85,269568.71
2025-04,Rest of Asia,Robot Vacuum,3460849.47,1557382.26,622952.91,1280514.31
2025-04,Rest of Asia,Wet-Dry Vacuum,1132641.65,543667.99,203875.5,385098.16
2025-04,Rest of Asia,Stick Vacuum,629245.36,314622.68,113264.16,201358.51
2025-04,Rest of Asia,Washer-Dryer,503396.29,261766.07,90611.33,151018.89
2025-04,Rest of Asia,Other Smart Home,566320.82,271834.0,101937.75,192549.08
2025-05,China,Robot Vacuum,35013930.38,15756268.67,6302507.47,12955154.24
2025-05,China,Wet-Dry Vacuum,11459104.49,5500370.15,2062638.81,3896095.53
2025-05,China,Stick Vacuum,6366169.16,3183084.58,1145910.45,2037174.13
2025-05,China,Washer-Dryer,5092935.33,2648326.37,916728.36,1527880.6
2025-05,China,Other Smart Home,5729552.24,2750185.08,1031319.4,1948047.76
2025-05,United States,Robot Vacuum,12605014.94,5672256.72,2268902.69,4663855.53
2025-05,United States,Wet-Dry Vacuum,4125277.62,1980133.26,742549.97,1402594.39
2025-05,United States,Stick Vacuum,2291820.9,1145910.45,412527.76,733382.69
2025-05,United States,Washer-Dryer,1833456.72,953397.49,330022.21,550037.02
2025-05,United States,Other Smart Home,2062638.81,990066.63,371274.99,701297.19
2025-05,Germany,Robot Vacuum,5602228.86,2521002.99,1008401.19,2072824.68
2025-05,Germany,Wet-Dry Vacuum,1833456.72,880059.22,330022.21,623375.28
2025-05,Germany,Stick Vacuum,1018587.07,509293.53,183345.67,325947.86
2025-05,Germany,Washer-Dryer,814869.65,423732.22,146676.54,244460.9
2025-05,Germany,Other Smart Home,916728.36,440029.61,165011.1,311687.64
2025-05,United Kingdom,Robot Vacuum,3501393.04,1575626.87,630250.75,1295515.42
2025-05,United Kingdom,Wet-Dry Vacuum,1145910.45,550037.02,206263.88,389609.55
2025-05,United Kingdom,Stick Vacuum,636616.92,318308.46,114591.04,203717.41
2025-05,United Kingdom,Washer-Dryer,509293.53,264832.64,91672.84,152788.06
2025-05,United Kingdom,Other Smart Home,572955.22,275018.51,103131.94,194804.78
2025-05,Japan,Robot Vacuum,4901950.25,2205877.61,882351.05,1813721.59
2025-05,Japan,Wet-Dry Vacuum,1604274.63,770051.82,288769.43,545453.37
2025-05,Japan,Stick Vacuum,891263.68,445631.84,160427.46,285204.38
2025-05,Japan,Washer-Dryer,713010.95,370765.69,128341.97,213903.28
2025-05,Japan,Other Smart Home,802137.31,385025.91,144384.72,272726.69
2025-05,Rest of Europe,Robot Vacuum,4901950.25,2205877.61,882351.05,1813721.59
2025-05,Rest of Europe,Wet-Dry Vacuum,1604274.63,770051.82,288769.43,545453.37
2025-05,Rest of Europe,Stick Vacuum,891263.68,445631.84,160427.46,285204.38
2025-05,Rest of Europe,Washer-Dryer,713010.95,370765.69,128341.97,213903.28
2025-05,Rest of Europe,Other Smart Home,802137.31,385025.91,144384.72,272726.69
2025-05,Rest of Asia,Robot Vacuum,3501393.04,1575626.87,630250.75,1295515.42
2025-05,Rest of Asia,Wet-Dry Vacuum,1145910.45,550037.02,206263.88,389609.55
2025-05,Rest of Asia,Stick Vacuum,636616.92,318308.46,114591.04,203717.41
2025-05,Rest of Asia,Washer-Dryer,509293.53,264832.64,91672.84,152788.06
2025-05,Rest of Asia,Other Smart Home,572955.22,275018.51,103131.94,194804.78
2025-06,China,Robot Vacuum,35424115.66,15940852.05,6376340.82,13106922.8
2025-06,China,Wet-Dry Vacuum,11593346.94,5564806.53,2086802.45,3941737.96
2025-06,China,Stick Vacuum,6440748.3,3220374.15,1159334.69,2061039.46
2025-06,China,Washer-Dryer,5152598.64,2679351.29,927467.76,1545779.59
2025-06,China,Other Smart Home,5796673.47,2782403.27,1043401.23,1970868.98
2025-06,United States,Robot Vacuum,12752681.64,5738706.74,2295482.7,4718492.21
2025-06,United States,Wet-Dry Vacuum,4173604.9,2003330.35,751248.88,1419025.67
2025-06,United States,Stick Vacuum,2318669.39,1159334.69,417360.49,741974.2
2025-06,United States,Washer-Dryer,1854935.51,964566.47,333888.39,556480.65
2025-06,United States,Other Smart Home,2086802.45,1001665.18,375624.44,709512.83
2025-06,Germany,Robot Vacuum,5667858.51,2550536.33,1020214.53,2097107.65
2025-06,Germany,Wet-Dry Vacuum,1854935.51,890369.05,333888.39,630678.07
2025-06,Germany,Stick Vacuum,1030519.73,515259.86,185493.55,329766.31
2025-06,Germany,Washer-Dryer,824415.78,428696.21,148394.84,247324.73
2025-06,Germany,Other Smart Home,927467.76,445184.52,166944.2,315339.04
2025-06,United Kingdom,Robot Vacuum,3542411.57,1594085.2,637634.08,1310692.28
2025-06,United Kingdom,Wet-Dry Vacuum,1159334.69,556480.65,208680.25,394173.8
2025-06,United Kingdom,Stick Vacuum,644074.83,322037.42,115933.47,206103.95
2025-06,United Kingdom,Washer-Dryer,515259.86,267935.13,92746.78,154577.96
2025-06,United Kingdom,Other Smart Home,579667.35,278240.33,104340.12,197086.9
2025-06,Japan,Robot Vacuum,4959376.19,2231719.29,892687.71,1834969.19
2025-06,Japan,Wet-Dry Vacuum,1623068.57,779072.91,292152.34,551843.31
2025-06,Japan,Stick Vacuum,901704.76,450852.38,162306.86,288545.52
2025-06,Japan,Washer-Dryer,721363.81,375109.18,129845.49,216409.14
2025-06,Japan,Other Smart Home,811534.29,389536.46,146076.17,275921.66
2025-06,Rest of Europe,Robot Vacuum,4959376.19,2231719.29,892687.71,1834969.19
2025-06,Rest of Europe,Wet-Dry Vacuum,1623068.57,779072.91,292152.34,551843.31
2025-06,Rest of Europe,Stick Vacuum,901704.76,450852.38,162306.86,288545.52
2025-06,Rest of Europe,Washer-Dryer,721363.81,375109.18,129845.49,216409.14
2025-06,Rest of Europe,Other Smart Home,811534.29,389536.46,146076.17,275921.66
2025-06,Rest of Asia,Robot Vacuum,3542411.57,1594085.2,637634.08,1310692.28
2025-06,Rest of Asia,Wet-Dry Vacuum,1159334.69,556480.65,208680.25,394173.8
2025-06,Rest of Asia,Stick Vacuum,644074.83,322037.42,115933.47,206103.95
2025-06,Rest of Asia,Washer-Dryer,515259.86,267935.13,92746.78,154577.96
2025-06,Rest of Asia,Other Smart Home,579667.35,278240.33,104340.12,197086.9
2025-07,China,Robot Vacuum,35839106.24,16127597.81,6451039.12,13260469.31
2025-07,China,Wet-Dry Vacuum,11729162.04,5629997.78,2111249.17,3987915.09
2025-07,China,Stick Vacuum,6516201.13,3258100.57,1172916.2,2085184.36
2025-07,China,Washer-Dryer,5212960.91,2710739.67,938332.96,1563888.27
2025-07,China,Other Smart Home,5864581.02,2814998.89,1055624.58,1993957.55
2025-07,United States,Robot Vacuum,12902078.25,5805935.21,2322374.08,4773768.95
2025-07,United States,Wet-Dry Vacuum,4222498.33,2026799.2,760049.7,1435649.43
2025-07,United States,Stick Vacuum,2345832.41,1172916.2,422249.83,750666.37
2025-07,United States,Washer-Dryer,1876665.93,975866.28,337799.87,562999.78
2025-07,United States,Other Smart Home,2111249.17,1013399.6,380024.85,717824.72
2025-07,Germany,Robot Vacuum,5734257.0,2580415.65,1032166.26,2121675.09
2025-07,Germany,Wet-Dry Vacuum,1876665.93,900799.64,337799.87,638066.42
2025-07,Germany,Stick Vacuum,1042592.18,521296.09,187666.59,333629.5
2025-07,Germany,Washer-Dryer,834073.75,433718.35,150133.27,250222.12
2025-07,Germany,Other Smart Home,938332.96,450399.82,168899.93,319033.21
2025-07,United Kingdom,Robot Vacuum,3583910.62,1612759.78,645103.91,1326046.93
2025-07,United Kingdom,Wet-Dry Vacuum,1172916.2,562999.78,211124.92,398791.51
2025-07,United Kingdom,Stick Vacuum,651620.11,325810.06,117291.62,208518.44
2025-07,United Kingdom,Washer-Dryer,521296.09,271073.97,93833.3,156388.83
2025-07,United Kingdom,Other Smart Home,586458.1,281499.89,105562.46,199395.75
2025-07,Japan,Robot Vacuum,5017474.87,2257863.69,903145.48,1856465.7
2025-07,Japan,Wet-Dry Vacuum,1642082.69,788199.69,295574.88,558308.11
2025-07,Japan,Stick Vacuum,912268.16,456134.08,164208.27,291925.81
2025-07,Japan,Washer-Dryer,729814.53,379503.55,131366.61,218944.36
2025-07,Japan,Other Smart Home,821041.34,394099.84,147787.44,279154.06
2025-07,Rest of Europe,Robot Vacuum,5017474.87,2257863.69,903145.48,1856465.7
2025-07,Rest of Europe,Wet-Dry Vacuum,1642082.69,788199.69,295574.88,558308.11
2025-07,Rest of Europe,Stick Vacuum,912268.16,456134.08,164208.27,291925.81
2025-07,Rest of Europe,Washer-Dryer,729814.53,379503.55,131366.61,218944.36
2025-07,Rest of Europe,Other Smart Home,821041.34,394099.84,147787.44,279154.06
2025-07,Rest of Asia,Robot Vacuum,3583910.62,1612759.78,645103.91,1326046.93
2025-07,Rest of Asia,Wet-Dry Vacuum,1172916.2,562999.78,211124.92,398791.51
2025-07,Rest of Asia,Stick Vacuum,651620.11,325810.06,117291.62,208518.44
2025-07,Rest of Asia,Washer-Dryer,521296.09,271073.97,93833.3,156388.83
2025-07,Rest of Asia,Other Smart Home,586458.1,281499.89,105562.46,199395.75
2025-08,China,Robot Vacuum,36258958.39,16316531.27,6526612.51,13415814.6
2025-08,China,Wet-Dry Vacuum,11866568.2,5695952.74,2135982.28,4034633.19
2025-08,China,Stick Vacuum,6592537.89,3296268.94,1186656.82,2109612.12
2025-08,China,Washer-Dryer,5274030.31,2742495.76,949325.46,1582209.09
2025-08,China,Other Smart Home,5933284.1,2847976.37,1067991.14,2017316.59
2025-08,United States,Robot Vacuum,13053225.02,5873951.26,2349580.5,4829693.26
2025-08,United States,Wet-Dry Vacuum,4271964.55,2050542.98,768953.62,1452467.95
2025-08,United States,Stick Vacuum,2373313.64,1186656.82,427196.46,759460.36
2025-08,United States,Washer-Dryer,1898650.91,987298.47,341757.16,569595.27
2025-08,United States,Other Smart Home,2135982.28,1025271.49,384476.81,726233.97
2025-08,Germany,Robot Vacuum,5801433.34,2610645.0,1044258.0,2146530.34
2025-08,Germany,Wet-Dry Vacuum,1898650.91,911352.44,341757.16,645541.31
2025-08,Germany,Stick Vacuum,1054806.06,527403.03,189865.09,337537.94
2025-08,Germany,Washer-Dryer,843844.85,438799.32,151892.07,253153.45
2025-08,Germany,Other Smart Home,949325.46,455676.22,170878.58,322770.66
2025-08,United Kingdom,Robot Vacuum,3625895.84,1631653.13,652661.25,1341581.46
2025-08,United Kingdom,Wet-Dry Vacuum,1186656.82,569595.27,213598.23,403463.32
2025-08,United Kingdom,Stick Vacuum,659253.79,329626.89,118665.68,210961.21
2025-08,United Kingdom,Washer-Dryer,527403.03,274249.58,94932.55,158220.91
2025-08,United Kingdom,Other Smart Home,593328.41,284797.64,106799.11,201731.66
2025-08,Japan,Robot Vacuum,5076254.17,2284314.38,913725.75,1878214.04
2025-08,Japan,Wet-Dry Vacuum,1661319.55,797433.38,299037.52,564848.65
2025-08,Japan,Stick Vacuum,922955.3,461477.65,166131.95,295345.7
2025-08,Japan,Washer-Dryer,738364.24,383949.41,132905.56,221509.27
2025-08,Japan,Other Smart Home,830659.77,398716.69,149518.76,282424.32
2025-08,Rest of Europe,Robot Vacuum,5076254.17,2284314.38,913725.75,1878214.04
2025-08,Rest of Europe,Wet-Dry Vacuum,1661319.55,797433.38,299037.52,564848.65
2025-08,Rest of Europe,Stick Vacuum,922955.3,461477.65,166131.95,295345.7
2025-08,Rest of Europe,Washer-Dryer,738364.24,383949.41,132905.56,221509.27
2025-08,Rest of Europe,Other Smart Home,830659.77,398716.69,149518.76,282424.32
2025-08,Rest of Asia,Robot Vacuum,3625895.84,1631653.13,652661.25,1341581.46
2025-08,Rest of Asia,Wet-Dry Vacuum,1186656.82,569595.27,213598.23,403463.32
2025-08,Rest of Asia,Stick Vacuum,659253.79,329626.89,118665.68,210961.21
2025-08,Rest of Asia,Washer-Dryer,527403.03,274249.58,94932.55,158220.91
2025-08,Rest of Asia,Other Smart Home,593328.41,284797.64,106799.11,201731.66
2025-09,China,Robot Vacuum,36683729.07,16507678.08,6603071.23,13572979.76
2025-09,China,Wet-Dry Vacuum,12005584.06,5762680.35,2161005.13,4081898.58
2025-09,China,Stick Vacuum,6669768.92,3334884.46,1200558.41,2134326.06
2025-09,China,Washer-Dryer,5335815.14,2774623.87,960446.72,1600744.54
2025-09,China,Other Smart Home,6002792.03,2881340.17,1080502.57,2040949.29
2025-09,United States,Robot Vacuum,13206142.47,5942764.11,2377105.64,4886272.71
2025-09,United States,Wet-Dry Vacuum,4322010.26,2074564.93,777961.85,1469483.49
2025-09,United States,Stick Vacuum,2401116.81,1200558.41,432201.03,768357.38
2025-09,United States,Washer-Dryer,1920893.45,998864.59,345760.82,576268.03
2025-09,United States,Other Smart Home,2161005.13,1037282.46,388980.92,734741.74
2025-09,Germany,Robot Vacuum,5869396.65,2641228.49,1056491.4,2171676.76
2025-09,Germany,Wet-Dry Vacuum,1920893.45,922028.86,345760.82,653103.77
2025-09,Germany,Stick Vacuum,1067163.03,533581.51,192089.34,341492.17
2025-09,Germany,Washer-Dryer,853730.42,443939.82,153671.48,256119.13
2025-09,Germany,Other Smart Home,960446.72,461014.43,172880.41,326551.89
2025-09,United Kingdom,Robot Vacuum,3668372.91,1650767.81,660307.12,1357297.98
2025-09,United Kingdom,Wet-Dry Vacuum,1200558.41,576268.03,216100.51,408189.86
2025-09,United Kingdom,Stick Vacuum,666976.89,333488.45,120055.84,213432.61
2025-09,United Kingdom,Washer-Dryer,533581.51,277462.39,96044.67,160074.45
2025-09,United Kingdom,Other Smart Home,600279.2,288134.02,108050.26,204094.93
2025-09,Japan,Robot Vacuum,5135722.07,2311074.93,924429.97,1900217.17
2025-09,Japan,Wet-Dry Vacuum,1680781.77,806775.25,302540.72,571465.8
2025-09,Japan,Stick Vacuum,933767.65,466883.82,168078.18,298805.65
2025-09,Japan,Washer-Dryer,747014.12,388447.34,134462.54,224104.24
2025-09,Japan,Other Smart Home,840390.88,403387.62,151270.36,285732.9
2025-09,Rest of Europe,Robot Vacuum,5135722.07,2311074.93,924429.97,1900217.17
2025-09,Rest of Europe,Wet-Dry Vacuum,1680781.77,806775.25,302540.72,571465.8
2025-09,Rest of Europe,Stick Vacuum,933767.65,466883.82,168078.18,298805.65
2025-09,Rest of Europe,Washer-Dryer,747014.12,388447.34,134462.54,224104.24
2025-09,Rest of Europe,Other Smart Home,840390.88,403387.62,151270.36,285732.9
2025-09,Rest of Asia,Robot Vacuum,3668372.91,1650767.81,660307.12,1357297.98
2025-09,Rest of Asia,Wet-Dry Vacuum,1200558.41,576268.03,216100.51,408189.86
2025-09,Rest of Asia,Stick Vacuum,666976.89,333488.45,120055.84,213432.61
2025-09,Rest of Asia,Washer-Dryer,533581.51,277462.39,96044.67,160074.45
2025-09,Rest of Asia,Other Smart Home,600279.2,288134.02,108050.26,204094.93
2025-10,China,Robot Vacuum,37113475.91,16701064.16,6680425.66,13731986.09
2025-10,China,Wet-Dry Vacuum,12146228.48,5830189.67,2186321.13,4129717.68
2025-10,China,Stick Vacuum,6747904.71,3373952.36,1214622.85,2159329.51
2025-10,China,Washer-Dryer,5398323.77,2807128.36,971698.28,1619497.13
2025-10,China,Other Smart Home,6073114.24,2915094.84,1093160.56,2064858.84
2025-10,United States,Robot Vacuum,13360851.33,6012383.1,2404953.24,4943514.99
2025-10,United States,Wet-Dry Vacuum,4372642.25,2098868.28,787075.61,1486698.37
2025-10,United States,Stick Vacuum,2429245.7,1214622.85,437264.23,777358.62
2025-10,United States,Washer-Dryer,1943396.56,1010566.21,349811.38,583018.97
2025-10,United States,Other Smart Home,2186321.13,1049434.14,393537.8,743349.18
2025-10,Germany,Robot Vacuum,5938156.15,2672170.27,1068868.11,2197117.77
2025-10,Germany,Wet-Dry Vacuum,1943396.56,932830.35,349811.38,660754.83
2025-10,Germany,Stick Vacuum,1079664.75,539832.38,194339.66,345492.72
2025-10,Germany,Washer-Dryer,863731.8,449140.54,155471.72,259119.54
2025-10,Germany,Other Smart Home,971698.28,466415.17,174905.69,330377.41
2025-10,United Kingdom,Robot Vacuum,3711347.59,1670106.42,668042.57,1373198.61
2025-10,United Kingdom,Wet-Dry Vacuum,1214622.85,583018.97,218632.11,412971.77
2025-10,United Kingdom,Stick Vacuum,674790.47,337395.24,121462.28,215932.95
2025-10,United Kingdom,Washer-Dryer,539832.38,280712.84,97169.83,161949.71
2025-10,United Kingdom,Other Smart Home,607311.42,291509.48,109316.06,206485.88
2025-10,Japan,Robot Vacuum,5195886.63,2338148.98,935259.59,1922478.05
2025-10,Japan,Wet-Dry Vacuum,1700471.99,816226.55,306084.96,578160.48
2025-10,Japan,Stick Vacuum,944706.66,472353.33,170047.2,302306.13
2025-10,Japan,Washer-Dryer,755765.33,392997.97,136037.76,226729.6
2025-10,Japan,Other Smart Home,850235.99,408113.28,153042.48,289080.24
2025-10,Rest of Europe,Robot Vacuum,5195886.63,2338148.98,935259.59,1922478.05
2025-10,Rest of Europe,Wet-Dry Vacuum,1700471.99,816226.55,306084.96,578160.48
2025-10,Rest of Europe,Stick Vacuum,944706.66,472353.33,170047.2,302306.13
2025-10,Rest of Europe,Washer-Dryer,755765.33,392997.97,136037.76,226729.6
2025-10,Rest of Europe,Other Smart Home,850235.99,408113.28,153042.48,289080.24
2025-10,Rest of Asia,Robot Vacuum,3711347.59,1670106.42,668042.57,1373198.61
2025-10,Rest of Asia,Wet-Dry Vacuum,1214622.85,583018.97,218632.11,412971.77
2025-10,Rest of Asia,Stick Vacuum,674790.47,337395.24,121462.28,215932.95
2025-10,Rest of Asia,Washer-Dryer,539832.38,280712.84,97169.83,161949.71
2025-10,Rest of Asia,Other Smart Home,607311.42,291509.48,109316.06,206485.88
2025-11,China,Robot Vacuum,37548257.2,16896715.74,6758686.3,13892855.16
2025-11,China,Wet-Dry Vacuum,12288520.54,5898489.86,2211933.7,4178096.98
2025-11,China,Stick Vacuum,6826955.85,3413477.93,1228852.05,2184625.87
2025-11,China,Washer-Dryer,5461564.68,2840013.64,983081.64,1638469.41
2025-11,China,Other Smart Home,6144260.27,2949244.93,1105966.85,2089048.49
2025-11,United States,Robot Vacuum,13517372.59,6082817.67,2433127.07,5001427.86
2025-11,United States,Wet-Dry Vacuum,4423867.39,2123456.35,796296.13,1504114.91
2025-11,United States,Stick Vacuum,2457704.11,1228852.05,442386.74,786465.31
2025-11,United States,Washer-Dryer,1966163.29,1022404.91,353909.39,589848.99
2025-11,United States,Other Smart Home,2211933.7,1061728.17,398148.07,752057.46
2025-11,Germany,Robot Vacuum,6007721.15,2703474.52,1081389.81,2222856.83
2025-11,Germany,Wet-Dry Vacuum,1966163.29,943758.38,353909.39,668495.52
2025-11,Germany,Stick Vacuum,1092312.94,546156.47,196616.33,349540.14
2025-11,Germany,Washer-Dryer,873850.35,454402.18,157293.06,262155.1
2025-11,Germany,Other Smart Home,983081.64,471879.19,176954.7,334247.76
2025-11,United Kingdom,Robot Vacuum,3754825.72,1689671.57,675868.63,1389285.52
2025-11,United Kingdom,Wet-Dry Vacuum,1228852.05,589848.99,221193.37,417809.7
2025-11,United Kingdom,Stick Vacuum,682695.59,341347.79,122885.21,218462.59
2025-11,United Kingdom,Washer-Dryer,546156.47,284001.36,98308.16,163846.94
2025-11,United Kingdom,Other Smart Home,614426.03,294924.49,110596.68,208904.85
2025-11,Japan,Robot Vacuum,5256756.01,2365540.2,946216.08,1944999.72
2025-11,Japan,Wet-Dry Vacuum,1720392.88,825788.58,309670.72,584933.58
2025-11,Japan,Stick Vacuum,955773.82,477886.91,172039.29,305847.62
2025-11,Japan,Washer-Dryer,764619.06,397601.91,137631.43,229385.72
2025-11,Japan,Other Smart Home,860196.44,412894.29,154835.36,292466.79
2025-11,Rest of Europe,Robot Vacuum,5256756.01,2365540.2,946216.08,1944999.72
2025-11,Rest of Europe,Wet-Dry Vacuum,1720392.88,825788.58,309670.72,584933.58
2025-11,Rest of Europe,Stick Vacuum,955773.82,477886.91,172039.29,305847.62
2025-11,Rest of Europe,Washer-Dryer,764619.06,397601.91,137631.43,229385.72
2025-11,Rest of Europe,Other Smart Home,860196.44,412894.29,154835.36,292466.79
2025-11,Rest of Asia,Robot Vacuum,3754825.72,1689671.57,675868.63,1389285.52
2025-11,Rest of Asia,Wet-Dry Vacuum,1228852.05,589848.99,221193.37,417809.7
2025-11,Rest of Asia,Stick Vacuum,682695.59,341347.79,122885.21,218462.59
2025-11,Rest of Asia,Washer-Dryer,546156.47,284001.36,98308.16,163846.94
2025-11,Rest of Asia,Other Smart Home,614426.03,294924.49,110596.68,208904.85
2025-12,China,Robot Vacuum,37988131.91,17094659.36,6837863.74,14055608.81
2025-12,China,Wet-Dry Vacuum,12432479.54,5967590.18,2237846.32,4227043.04
2025-12,China,Stick Vacuum,6906933.08,3453466.54,1243247.95,2210218.58
2025-12,China,Washer-Dryer,5525546.46,2873284.16,994598.36,1657663.94
2025-12,China,Other Smart Home,6216239.77,2983795.09,1118923.16,2113521.52
2025-12,United States,Robot Vacuum,13675727.49,6154077.37,2461630.95,5060019.17
2025-12,United States,Wet-Dry Vacuum,4475692.63,2148332.46,805624.67,1521735.5
2025-12,United States,Stick Vacuum,2486495.91,1243247.95,447569.26,795678.69
2025-12,United States,Washer-Dryer,1989196.73,1034382.3,358055.41,596759.02
2025-12,United States,Other Smart Home,2237846.32,1074166.23,402812.34,760867.75
2025-12,Germany,Robot Vacuum,6078101.11,2735145.5,1094058.2,2248897.41
2025-12,Germany,Wet-Dry Vacuum,1989196.73,954814.43,358055.41,676326.89
2025-12,Germany,Stick Vacuum,1105109.29,552554.65,198919.67,353634.97
2025-12,Germany,Washer-Dryer,884087.43,459725.47,159135.74,265226.23
2025-12,Germany,Other Smart Home,994598.36,477407.21,179027.71,338163.44
2025-12,United Kingdom,Robot Vacuum,3798813.19,1709465.94,683786.37,1405560.88
2025-12,United Kingdom,Wet-Dry Vacuum,1243247.95,596759.02,223784.63,422704.3
2025-12,United Kingdom,Stick Vacuum,690693.31,345346.65,124324.8,221021.86
2025-12,United Kingdom,Washer-Dryer,552554.65,287328.42,99459.84,165766.39
2025-12,United Kingdom,Other Smart Home,621623.98,298379.51,111892.32,211352.15
2025-12,Japan,Robot Vacuum,5318338.47,2393252.31,957300.92,1967785.23
2025-12,Japan,Wet-Dry Vacuum,1740547.13,835462.62,313298.48,591786.03
2025-12,Japan,Stick Vacuum,966970.63,483485.32,174054.71,309430.6
2025-12,Japan,Washer-Dryer,773576.5,402259.78,139243.77,232072.95
2025-12,Japan,Other Smart Home,870273.57,417731.31,156649.24,295893.01
2025-12,Rest of Europe,Robot Vacuum,5318338.47,2393252.31,957300.92,1967785.23
2025-12,Rest of Europe,Wet-Dry Vacuum,1740547.13,835462.62,313298.48,591786.03
2025-12,Rest of Europe,Stick Vacuum,966970.63,483485.32,174054.71,309430.6
2025-12,Rest of Europe,Washer-Dryer,773576.5,402259.78,139243.77,232072.95
2025-12,Rest of Europe,Other Smart Home,870273.57,417731.31,156649.24,295893.01
2025-12,Rest of Asia,Robot Vacuum,3798813.19,1709465.94,683786.37,1405560.88
2025-12,Rest of Asia,Wet-Dry Vacuum,1243247.95,596759.02,223784.63,422704.3
2025-12,Rest of Asia,Stick Vacuum,690693.31,345346.65,124324.8,221021.86
2025-12,Rest of Asia,Washer-Dryer,552554.65,287328.42,99459.84,165766.39
2025-12,Rest of Asia,Other Smart Home,621623.98,298379.51,111892.32,211352.15
2026-01,China,Robot Vacuum,38433159.72,17294921.87,6917968.75,14220269.1
2026-01,China,Wet-Dry Vacuum,12578125.0,6037500.0,2264062.5,4276562.5
2026-01,China,Stick Vacuum,6987847.22,3493923.61,1257812.5,2236111.11
2026-01,China,Washer-Dryer,5590277.78,2906944.44,1006250.0,1677083.33
2026-01,China,Other Smart Home,6289062.5,3018750.0,1132031.25,2138281.25
2026-01,United States,Robot Vacuum,13835937.5,6226171.87,2490468.75,5119296.87
2026-01,United States,Wet-Dry Vacuum,4528125.0,2173500.0,815062.5,1539562.5
2026-01,United States,Stick Vacuum,2515625.0,1257812.5,452812.5,805000.0
2026-01,United States,Washer-Dryer,2012500.0,1046500.0,362250.0,603750.0
2026-01,United States,Other Smart Home,2264062.5,1086750.0,407531.25,769781.25
2026-01,Germany,Robot Vacuum,6149305.56,2767187.5,1106875.0,2275243.06
2026-01,Germany,Wet-Dry Vacuum,2012500.0,966000.0,362250.0,684250.0
2026-01,Germany,Stick Vacuum,1118055.56,559027.78,201250.0,357777.78
2026-01,Germany,Washer-Dryer,894444.44,465111.11,161000.0,268333.33
2026-01,Germany,Other Smart Home,1006250.0,483000.0,181125.0,342125.0
2026-01,United Kingdom,Robot Vacuum,3843315.97,1729492.19,691796.87,1422026.91
2026-01,United Kingdom,Wet-Dry Vacuum,1257812.5,603750.0,226406.25,427656.25
2026-01,United Kingdom,Stick Vacuum,698784.72,349392.36,125781.25,223611.11
2026-01,United Kingdom,Washer-Dryer,559027.78,290694.44,100625.0,167708.33
2026-01,United Kingdom,Other Smart Home,628906.25,301875.0,113203.12,213828.12
2026-01,Japan,Robot Vacuum,5380642.36,2421289.06,968515.62,1990837.67
2026-01,Japan,Wet-Dry Vacuum,1760937.5,845250.0,316968.75,598718.75
2026-01,Japan,Stick Vacuum,978298.61,489149.31,176093.75,313055.56
2026-01,Japan,Washer-Dryer,782638.89,406972.22,140875.0,234791.67
2026-01,Japan,Other Smart Home,880468.75,422625.0,158484.37,299359.38
2026-01,Rest of Europe,Robot Vacuum,5380642.36,2421289.06,968515.62,1990837.67
2026-01,Rest of Europe,Wet-Dry Vacuum,1760937.5,845250.0,316968.75,598718.75
2026-01,Rest of Europe,Stick Vacuum,978298.61,489149.31,176093.75,313055.56
2026-01,Rest of Europe,Washer-Dryer,782638.89,406972.22,140875.0,234791.67
2026-01,Rest of Europe,Other Smart Home,880468.75,422625.0,158484.37,299359.38
2026-01,Rest of Asia,Robot Vacuum,3843315.97,1729492.19,691796.87,1422026.91
2026-01,Rest of Asia,Wet-Dry Vacuum,1257812.5,603750.0,226406.25,427656.25
2026-01,Rest of Asia,Stick Vacuum,698784.72,349392.36,125781.25,223611.11
2026-01,Rest of Asia,Washer-Dryer,559027.78,290694.44,100625.0,167708.33
2026-01,Rest of Asia,Other Smart Home,628906.25,301875.0,113203.12,213828.12
2026-02,China,Robot Vacuum,38883401.0,17497530.45,6999012.18,14386858.37
2026-02,China,Wet-Dry Vacuum,12725476.69,6108228.81,2290585.8,4326662.07
2026-02,China,Stick Vacuum,7069709.27,3534854.64,1272547.67,2262306.97
2026-02,China,Washer-Dryer,5655767.42,2940999.06,1018038.14,1696730.23
2026-02,China,Other Smart Home,6362738.34,3054114.41,1145292.9,2163331.04
2026-02,United States,Robot Vacuum,13998024.36,6299110.96,2519644.38,5179269.01
2026-02,United States,Wet-Dry Vacuum,4581171.61,2198962.37,824610.89,1557598.35
2026-02,United States,Stick Vacuum,2545095.34,1272547.67,458117.16,814430.51
2026-02,United States,Washer-Dryer,2036076.27,1058759.66,366493.73,610822.88
2026-02,United States,Other Smart Home,2290585.8,1099481.19,412305.44,778799.17
2026-02,Germany,Robot Vacuum,6221344.16,2799604.87,1119841.95,2301897.34
2026-02,Germany,Wet-Dry Vacuum,2036076.27,977316.61,366493.73,692265.93
2026-02,Germany,Stick Vacuum,1131153.48,565576.74,203607.63,361969.11
2026-02,Germany,Washer-Dryer,904922.79,470559.85,162886.1,271476.84
2026-02,Germany,Other Smart Home,1018038.14,488658.3,183246.86,346132.97
2026-02,United Kingdom,Robot Vacuum,3888340.1,1749753.04,699901.22,1438685.84
2026-02,United Kingdom,Wet-Dry Vacuum,1272547.67,610822.88,229058.58,432666.21
2026-02,United Kingdom,Stick Vacuum,706970.93,353485.46,127254.77,226230.7
2026-02,United Kingdom,Washer-Dryer,565576.74,294099.91,101803.81,169673.02
2026-02,United Kingdom,Other Smart Home,636273.83,305411.44,114529.29,216333.1
2026-02,Japan,Robot Vacuum,5443676.14,2449654.26,979861.71,2014160.17
2026-02,Japan,Wet-Dry Vacuum,1781566.74,855152.03,320682.01,605732.69
2026-02,Japan,Stick Vacuum,989759.3,494879.65,178156.67,316722.98
2026-02,Japan,Washer-Dryer,791807.44,411739.87,142525.34,237542.23
2026-02,Japan,Other Smart Home,890783.37,427576.02,160341.01,302866.35
2026-02,Rest of Europe,Robot Vacuum,5443676.14,2449654.26,979861.71,2014160.17
2026-02,Rest of Europe,Wet-Dry Vacuum,1781566.74,855152.03,320682.01,605732.69
2026-02,Rest of Europe,Stick Vacuum,989759.3,494879.65,178156.67,316722.98
2026-02,Rest of Europe,Washer-Dryer,791807.44,411739.87,142525.34,237542.23
2026-02,Rest of Europe,Other Smart Home,890783.37,427576.02,160341.01,302866.35
2026-02,Rest of Asia,Robot Vacuum,3888340.1,1749753.04,699901.22,1438685.84
2026-02,Rest of Asia,Wet-Dry Vacuum,1272547.67,610822.88,229058.58,432666.21
2026-02,Rest of Asia,Stick Vacuum,706970.93,353485.46,127254.77,226230.7
2026-02,Rest of Asia,Washer-Dryer,565576.74,294099.91,101803.81,169673.02
2026-02,Rest of Asia,Other Smart Home,636273.83,305411.44,114529.29,216333.1
2026-03,China,Robot Vacuum,39338916.81,17702512.56,7081005.03,14555399.22
2026-03,China,Wet-Dry Vacuum,12874554.59,6179786.2,2317419.83,4377348.56
2026-03,China,Stick Vacuum,7152530.33,3576265.16,1287455.46,2288809.71
2026-03,China,Washer-Dryer,5722024.26,2975452.62,1029964.37,1716607.28
2026-03,China,Other Smart Home,6437277.3,3089893.1,1158709.91,2188674.28
2026-03,United States,Robot Vacuum,14162010.05,6372904.52,2549161.81,5239943.72
2026-03,United States,Wet-Dry Vacuum,4634839.65,2224723.03,834271.14,1575845.48
2026-03,United States,Stick Vacuum,2574910.92,1287455.46,463483.97,823971.49
2026-03,United States,Washer-Dryer,2059928.73,1071162.94,370787.17,617978.62
2026-03,United States,Other Smart Home,2317419.83,1112361.52,417135.57,787922.74
2026-03,Germany,Robot Vacuum,6294226.69,2832402.01,1132960.8,2328863.88
2026-03,Germany,Wet-Dry Vacuum,2059928.73,988765.79,370787.17,700375.77
2026-03,Germany,Stick Vacuum,1144404.85,572202.43,205992.87,366209.55
2026-03,Germany,Washer-Dryer,915523.88,476072.42,164794.3,274657.16
2026-03,Germany,Other Smart Home,1029964.37,494382.9,185393.59,350187.88
2026-03,United Kingdom,Robot Vacuum,3933891.68,1770251.26,708100.5,1455539.92
2026-03,United Kingdom,Wet-Dry Vacuum,1287455.46,617978.62,231741.98,437734.86
2026-03,United Kingdom,Stick Vacuum,715253.03,357626.52,128745.55,228880.97
2026-03,United Kingdom,Washer-Dryer,572202.43,297545.26,102996.44,171660.73
2026-03,United Kingdom,Other Smart Home,643727.73,308989.31,115870.99,218867.43
2026-03,Japan,Robot Vacuum,5507448.35,2478351.76,991340.7,2037755.89
2026-03,Japan,Wet-Dry Vacuum,1802437.64,865170.07,324438.78,612828.8
2026-03,Japan,Stick Vacuum,1001354.25,500677.12,180243.76,320433.36
2026-03,Japan,Washer-Dryer,801083.4,416563.37,144195.01,240325.02
2026-03,Japan,Other Smart Home,901218.82,432585.03,162219.39,306414.4
2026-03,Rest of Europe,Robot Vacuum,5507448.35,2478351.76,991340.7,2037755.89
2026-03,Rest of Europe,Wet-Dry Vacuum,1802437.64,865170.07,324438.78,612828.8
2026-03,Rest of Europe,Stick Vacuum,1001354.25,500677.12,180243.76,320433.36
2026-03,Rest of Europe,Washer-Dryer,801083.4,416563.37,144195.01,240325.02
2026-03,Rest of Europe,Other Smart Home,901218.82,432585.03,162219.39,306414.4
2026-03,Rest of Asia,Robot Vacuum,3933891.68,1770251.26,708100.5,1455539.92
2026-03,Rest of Asia,Wet-Dry Vacuum,1287455.46,617978.62,231741.98,437734.86
2026-03,Rest of Asia,Stick Vacuum,715253.03,357626.52,128745.55,228880.97
2026-03,Rest of Asia,Washer-Dryer,572202.43,297545.26,102996.44,171660.73
2026-03,Rest of Asia,Other Smart Home,643727.73,308989.31,115870.99,218867.43
2026-04,China,Robot Vacuum,39799768.95,17909896.03,7163958.41,14725914.51
2026-04,China,Wet-Dry Vacuum,13025378.93,6252181.89,2344568.21,4428628.84
2026-04,China,Stick Vacuum,7236321.63,3618160.81,1302537.89,2315622.92
2026-04,China,Washer-Dryer,5789057.3,3010309.8,1042030.31,1736717.19
2026-04,China,Other Smart Home,6512689.46,3126090.94,1172284.1,2214314.42
2026-04,United States,Robot Vacuum,14327916.82,6447562.57,2579025.03,5301329.22
2026-04,United States,Wet-Dry Vacuum,4689136.41,2250785.48,844044.55,1594306.38
2026-04,United States,Stick Vacuum,2605075.79,1302537.89,468913.64,833624.25
2026-04,United States,Washer-Dryer,2084060.63,1083711.53,375130.91,625218.19
2026-04,United States,Other Smart Home,2344568.21,1125392.74,422022.28,797153.19
2026-04,Germany,Robot Vacuum,6367963.03,2865583.36,1146233.35,2356146.32
2026-04,Germany,Wet-Dry Vacuum,2084060.63,1000349.1,375130.91,708580.61
2026-04,Germany,Stick Vacuum,1157811.46,578905.73,208406.06,370499.67
2026-04,Germany,Washer-Dryer,926249.17,481649.57,166724.85,277874.75
2026-04,Germany,Other Smart Home,1042030.31,500174.55,187565.46,354290.31
2026-04,United Kingdom,Robot Vacuum,3979976.89,1790989.6,716395.84,1472591.45
2026-04,United Kingdom,Wet-Dry Vacuum,1302537.89,625218.19,234456.82,442862.88
2026-04,United Kingdom,Stick Vacuum,723632.16,361816.08,130253.79,231562.29
2026-04,United Kingdom,Washer-Dryer,578905.73,301030.98,104203.03,173671.72
2026-04,United Kingdom,Other Smart Home,651268.95,312609.09,117228.41,221431.44
2026-04,Japan,Robot Vacuum,5571967.65,2507385.44,1002954.18,2061628.03
2026-04,Japan,Wet-Dry Vacuum,1823553.05,875305.46,328239.55,620008.04
2026-04,Japan,Stick Vacuum,1013085.03,506542.51,182355.31,324187.21
2026-04,Japan,Washer-Dryer,810468.02,421443.37,145884.24,243140.41
2026-04,Japan,Other Smart Home,911776.53,437652.73,164119.77,310004.02
2026-04,Rest of Europe,Robot Vacuum,5571967.65,2507385.44,1002954.18,2061628.03
2026-04,Rest of Europe,Wet-Dry Vacuum,1823553.05,875305.46,328239.55,620008.04
2026-04,Rest of Europe,Stick Vacuum,1013085.03,506542.51,182355.31,324187.21
2026-04,Rest of Europe,Washer-Dryer,810468.02,421443.37,145884.24,243140.41
2026-04,Rest of Europe,Other Smart Home,911776.53,437652.73,164119.77,310004.02
2026-04,Rest of Asia,Robot Vacuum,3979976.89,1790989.6,716395.84,1472591.45
2026-04,Rest of Asia,Wet-Dry Vacuum,1302537.89,625218.19,234456.82,442862.88
2026-04,Rest of Asia,Stick Vacuum,723632.16,361816.08,130253.79,231562.29
2026-04,Rest of Asia,Washer-Dryer,578905.73,301030.98,104203.03,173671.72
2026-04,Rest of Asia,Other Smart Home,651268.95,312609.09,117228.41,221431.44
2026-05,China,Robot Vacuum,40266019.94,18119708.97,7247883.59,14898427.38
2026-05,China,Wet-Dry Vacuum,13177970.16,6325425.68,2372034.63,4480509.85
2026-05,China,Stick Vacuum,7321094.53,3660547.27,1317797.02,2342750.25
2026-05,China,Washer-Dryer,5856875.63,3045575.33,1054237.61,1757062.69
2026-05,China,Other Smart Home,6588985.08,3162712.84,1186017.31,2240254.93
2026-05,United States,Robot Vacuum,14495767.18,6523095.23,2609238.09,5363433.86
2026-05,United States,Wet-Dry Vacuum,4744069.26,2277153.24,853932.47,1612983.55
2026-05,United States,Stick Vacuum,2635594.03,1317797.02,474406.93,843390.09
2026-05,United States,Washer-Dryer,2108475.23,1096407.12,379525.54,632542.57
2026-05,United States,Other Smart Home,2372034.63,1138576.62,426966.23,806491.77
2026-05,Germany,Robot Vacuum,6442563.19,2899153.44,1159661.37,2383748.38
2026-05,Germany,Wet-Dry Vacuum,2108475.23,1012068.11,379525.54,716881.58
2026-05,Germany,Stick Vacuum,1171375.13,585687.56,210847.52,374840.04
2026-05,Germany,Washer-Dryer,937100.1,487292.05,168678.02,281130.03
2026-05,Germany,Other Smart Home,1054237.61,506034.05,189762.77,358440.79
2026-05,United Kingdom,Robot Vacuum,4026601.99,1811970.9,724788.36,1489842.74
2026-05,United Kingdom,Wet-Dry Vacuum,1317797.02,632542.57,237203.46,448050.99
2026-05,United Kingdom,Stick Vacuum,732109.45,366054.73,131779.7,234275.03
2026-05,United Kingdom,Washer-Dryer,585687.56,304557.53,105423.76,175706.27
2026-05,United Kingdom,Other Smart Home,658898.51,316271.28,118601.73,224025.49
2026-05,Japan,Robot Vacuum,5637242.79,2536759.26,1014703.7,2085779.83
2026-05,Japan,Wet-Dry Vacuum,1844915.82,885559.59,332084.85,627271.38
2026-05,Japan,Stick Vacuum,1024953.23,512476.62,184491.58,327985.04
2026-05,Japan,Washer-Dryer,819962.59,426380.55,147593.27,245988.78
2026-05,Japan,Other Smart Home,922457.91,442779.8,166042.42,313635.69
2026-05,Rest of Europe,Robot Vacuum,5637242.79,2536759.26,1014703.7,2085779.83
2026-05,Rest of Europe,Wet-Dry Vacuum,1844915.82,885559.59,332084.85,627271.38
2026-05,Rest of Europe,Stick Vacuum,1024953.23,512476.62,184491.58,327985.04
2026-05,Rest of Europe,Washer-Dryer,819962.59,426380.55,147593.27,245988.78
2026-05,Rest of Europe,Other Smart Home,922457.91,442779.8,166042.42,313635.69
2026-05,Rest of Asia,Robot Vacuum,4026601.99,1811970.9,724788.36,1489842.74
2026-05,Rest of Asia,Wet-Dry Vacuum,1317797.02,632542.57,237203.46,448050.99
2026-05,Rest of Asia,Stick Vacuum,732109.45,366054.73,131779.7,234275.03
2026-05,Rest of Asia,Washer-Dryer,585687.56,304557.53,105423.76,175706.27
2026-05,Rest of Asia,Other Smart Home,658898.51,316271.28,118601.73,224025.49
2026-06,China,Robot Vacuum,40737733.01,18331979.86,7332791.94,15072961.22
2026-06,China,Wet-Dry Vacuum,13332348.99,6399527.51,2399822.82,4532998.66
2026-06,China,Stick Vacuum,7406860.55,3703430.27,1333234.9,2370195.38
2026-06,China,Washer-Dryer,5925488.44,3081253.99,1066587.92,1777646.53
2026-06,China,Other Smart Home,6666174.49,3199763.76,1199911.41,2266499.33
2026-06,United States,Robot Vacuum,14665583.89,6599512.75,2639805.1,5426266.04
2026-06,United States,Wet-Dry Vacuum,4799645.64,2303829.9,863936.21,1631879.52
2026-06,United States,Stick Vacuum,2666469.8,1333234.9,479964.56,853270.34
2026-06,United States,Washer-Dryer,2133175.84,1109251.44,383971.65,639952.75
2026-06,United States,Other Smart Home,2399822.82,1151914.95,431968.11,815939.76
2026-06,Germany,Robot Vacuum,6518037.28,2933116.78,1173246.71,2411673.79
2026-06,Germany,Wet-Dry Vacuum,2133175.84,1023924.4,383971.65,725279.78
2026-06,Germany,Stick Vacuum,1185097.69,592548.84,213317.58,379231.26
2026-06,Germany,Washer-Dryer,948078.15,493000.64,170654.07,284423.45
2026-06,Germany,Other Smart Home,1066587.92,511962.2,191985.83,362639.89
2026-06,United Kingdom,Robot Vacuum,4073773.3,1833197.99,733279.19,1507296.12
2026-06,United Kingdom,Wet-Dry Vacuum,1333234.9,639952.75,239982.28,453299.87
2026-06,United Kingdom,Stick Vacuum,740686.05,370343.03,133323.49,237019.54
2026-06,United Kingdom,Washer-Dryer,592548.84,308125.4,106658.79,177764.65
2026-06,United Kingdom,Other Smart Home,666617.45,319976.38,119991.14,226649.93
2026-06,Japan,Robot Vacuum,5703282.62,2566477.18,1026590.87,2110214.57
2026-06,Japan,Wet-Dry Vacuum,1866528.86,895933.85,335975.19,634619.81
2026-06,Japan,Stick Vacuum,1036960.48,518480.24,186652.89,331827.35
2026-06,Japan,Washer-Dryer,829568.38,431375.56,149322.31,248870.51
2026-06,Japan,Other Smart Home,933264.43,447966.93,167987.6,317309.91
2026-06,Rest of Europe,Robot Vacuum,5703282.62,2566477.18,1026590.87,2110214.57
2026-06,Rest of Europe,Wet-Dry Vacuum,1866528.86,895933.85,335975.19,634619.81
2026-06,Rest of Europe,Stick Vacuum,1036960.48,518480.24,186652.89,331827.35
2026-06,Rest of Europe,Washer-Dryer,829568.38,431375.56,149322.31,248870.51
2026-06,Rest of Europe,Other Smart Home,933264.43,447966.93,167987.6,317309.91
2026-06,Rest of Asia,Robot Vacuum,4073773.3,1833197.99,733279.19,1507296.12
2026-06,Rest of Asia,Wet-Dry Vacuum,1333234.9,639952.75,239982.28,453299.87
2026-06,Rest of Asia,Stick Vacuum,740686.05,370343.03,133323.49,237019.54
2026-06,Rest of Asia,Washer-Dryer,592548.84,308125.4,106658.79,177764.65
2026-06,Rest of Asia,Other Smart Home,666617.45,319976.38,119991.14,226649.93
